quarter,n_companies,spread
2020Q4,367,0.008605247368033267
2021Q1,414,0.047751118744715694
2021Q2,433,0.0106126683366259
2021Q3,435,0.005642034941715229
2021Q4,463,-0.059697454685885366
2022Q1,427,-0.007970637806523335
2022Q2,446,0.02198696242972492
2022Q3,458,-0.017821352439377935
2022Q4,456,-0.039232649414309165
2023Q1,422,-0.06935095150038756
2023Q2,457,-0.026592240633128143
2023Q3,482,0.040623481526192814
2023Q4,462,-0.029158858547701186
2024Q1,459,0.045851733235932494
2024Q2,454,0.05120492121977833
2024Q3,462,0.02417267031365184
2024Q4,462,0.026137324060224502
2025Q1,466,-0.06262084022054726
2025Q2,468,-0.12218655478729824
2025Q3,481,-0.04046234685841346
2025Q4,489,-0.04640447351969999
2026Q1,475,0.009531196155830327
2026Q2,69,-0.0006702380822029841
