ticker,sector,correlation_with_rate_delta
A,Health Care,0.006884184586752784
AAPL,Information Technology,-0.15886099469345438
ABBV,Health Care,0.07519545061925517
ABNB,Consumer Discretionary,-0.1863176131392568
ABT,Health Care,-0.038939354063317125
ACGL,Financials,-0.026910574584652742
ACN,Information Technology,-0.04143408099377672
ADBE,Information Technology,-0.02025573779387579
ADI,Information Technology,0.13870677321369151
ADM,Consumer Staples,-0.06888063166320998
ADP,Industrials,0.06606901081606774
ADSK,Information Technology,-0.06353928657797384
AEE,Utilities,-0.09909910290674445
AEP,Utilities,-0.09202257746807663
AES,Utilities,-0.007487782848056852
AFL,Financials,-0.07262798775097505
AIG,Financials,-0.13291130987852187
AIZ,Financials,-0.23817534284164069
AJG,Financials,0.011902885240689314
AKAM,Information Technology,-0.05626677413877598
ALB,Materials,-0.059333737130659474
ALGN,Health Care,-0.044441791027825646
ALL,Financials,-0.07027547985701071
ALLE,Industrials,-0.12260311207716375
AMAT,Information Technology,-0.05529001732920051
AMCR,Materials,0.015968813846391153
AMD,Information Technology,-0.02925563673861269
AME,Industrials,-0.034613993551652567
AMGN,Health Care,0.0011558467020337689
AMP,Financials,-0.11371898646493649
AMT,Real Estate,0.014449661177427213
AMZN,Consumer Discretionary,-0.10778915774761805
ANET,Information Technology,-0.046520055203257825
AON,Financials,0.006177259583307544
AOS,Industrials,-0.03074477748636695
APA,Energy,-0.07642252245847236
APD,Materials,0.11635792535294782
APH,Information Technology,-0.08859495208314684
APO,Financials,-0.03899240291028829
APP,Communication Services,-0.27731159661739635
APTV,Consumer Discretionary,-0.04406744372508168
ARE,Real Estate,0.04660632360040506
ARES,Financials,-0.11892500367697341
ATO,Utilities,-0.0202628177635185
AVGO,Information Technology,-0.07386184570177882
AVY,Materials,0.01844962023114478
AWK,Utilities,0.002300937375443974
AXON,Industrials,-0.06481964718109205
AXP,Financials,-0.288821748777577
AZO,Consumer Discretionary,0.03812083012055451
BA,Industrials,0.08805966812684596
BAC,Financials,-0.2315921540373761
BALL,Materials,-0.08408523895288104
BAX,Health Care,-0.11281614891070207
BBY,Consumer Discretionary,0.008626263909715234
BDX,Health Care,-0.057219793434263075
BE,Industrials,-0.15537956716919799
BEN,Financials,-0.019886889365360687
BF-B,Consumer Staples,0.11015535313493177
BG,Consumer Staples,-0.17261953120740609
BIIB,Health Care,0.24685233621336417
BKNG,Consumer Discretionary,-0.15818733403865007
BKR,Energy,-0.18269963728069635
BLDR,,0.09513203775192147
BLK,Financials,-0.08894237327442274
BMY,Health Care,-0.07690911680989913
BNY,Financials,-0.17621534505004743
BR,Industrials,-0.08983274679289455
BRK-B,Financials,-0.026419390555006705
BRO,Financials,0.013145237607731316
BSX,Health Care,-0.020724486633535984
BX,Financials,-0.1710380160049412
BXP,Real Estate,-0.22535996301081546
C,Financials,-0.1844840452594605
CAH,Health Care,-0.12508294010470838
CARR,Industrials,0.017343544496688363
CASY,Consumer Staples,-0.16914656658194502
CAT,Industrials,-0.14850455619883174
CB,Financials,-0.20498316666721564
CBOE,Financials,0.006705978564259136
CBRE,Real Estate,-0.1015883635008419
CCI,Real Estate,-0.06681209144074098
CCL,Consumer Discretionary,-0.26840363227708824
CDNS,Information Technology,0.1285558399843713
CDW,Information Technology,0.07419066211277066
CEG,Utilities,-0.10618773756606012
CF,Materials,-0.13975348568995524
CFG,Financials,-0.16036838132568654
CHD,Consumer Staples,-0.13797870285594505
CHRW,Industrials,-0.1667177386582193
CHTR,Communication Services,-0.13726399233011988
CI,Health Care,0.07699370140915761
CIEN,Information Technology,-0.3151199944623448
CINF,Financials,-0.21653356974461313
CL,Consumer Staples,-0.02068641654297804
CLX,Consumer Staples,-0.09398891215008542
CMCSA,Communication Services,-0.08465734686423138
CME,Financials,-0.15847009607144233
CMG,Consumer Discretionary,-0.00879320397872379
CMI,Industrials,-0.07577789398396789
CMS,Utilities,-0.06226048006132698
CNC,Health Care,-0.06876924382381319
CNP,Utilities,-0.11588237527166957
COF,Financials,-0.3102975050126745
COHR,Information Technology,-0.2518922855528904
COIN,Financials,-0.15172696435124736
COO,Health Care,-0.008990844229017352
COP,Energy,-0.06737893335012146
COR,Health Care,-0.08967124476120276
COST,Consumer Staples,-0.06072539298522503
CPAY,Financials,-0.1370756783876483
CPRT,Industrials,0.07878311610520003
CPT,Real Estate,-0.16440470659335898
CRH,Materials,-0.08848187370037087
CRL,Health Care,-0.053972369392230095
CRM,Information Technology,-0.09578151849704387
CRWD,Information Technology,-0.12710550383033906
CSCO,Information Technology,-0.1393482324197691
CSGP,Real Estate,0.1266751953729747
CSX,Industrials,-0.12897714475192235
CTAS,Industrials,0.10471760948059251
CTSH,Information Technology,-0.17365256264825774
CTVA,Materials,-0.13210190673885705
CVNA,Consumer Discretionary,-0.17699763557739107
CVS,Health Care,-0.08749055626673599
CVX,Energy,-0.07722243563186729
D,Utilities,-0.24435965880023008
DAL,Industrials,-0.2519631820087213
DASH,Consumer Discretionary,-0.05815505050687903
DD,Industrials,-0.011590271896253316
DDOG,Information Technology,-0.08896795489274649
DE,Industrials,-0.0768217487040749
DECK,Consumer Discretionary,0.08289851512779162
DELL,Information Technology,-0.1004440713069659
DG,Consumer Staples,0.001483998861117499
DGX,Health Care,0.012295034772511522
DHI,Consumer Discretionary,0.09941978687502091
DHR,Health Care,0.1201451156374224
DIS,Communication Services,-0.2966638372573806
DLR,Real Estate,-0.19237331235473712
DLTR,Consumer Staples,-0.03202250490975267
DOC,Real Estate,-0.09521311507215538
DOV,Industrials,-0.09488630307216878
DOW,Materials,-0.10034758906600662
DPZ,Consumer Discretionary,0.010855538828885476
DRI,Consumer Discretionary,-0.0930844632517303
DTE,Utilities,-0.10171454753648292
DUK,Utilities,-0.04434534765064824
DVA,Health Care,-0.11219963209195052
DVN,Energy,-0.11324273281557798
DXCM,Health Care,-0.02435126631543718
EBAY,Consumer Discretionary,-0.15372128025570658
ECHO,Communication Services,-0.23663835099820726
ECL,Materials,-0.13382352120969462
ED,Utilities,0.04478949621778083
EFX,Industrials,0.03509907788431897
EG,Financials,-0.08408636709279577
EIX,Utilities,-0.03162114870122588
EL,Consumer Staples,-0.08257284271188042
ELV,Health Care,-0.07613702011939828
EME,Industrials,-0.035260214764030434
EMR,Industrials,-0.08832691600615204
EOG,Energy,-0.09260269769990537
EQIX,Real Estate,-0.02900920130830645
EQT,Energy,-0.09793215709342304
ERIE,Financials,0.1692448804749066
ES,Utilities,-0.06157872500932969
ESS,Real Estate,-0.13810741469025797
ETN,Industrials,-0.002400522726589166
ETR,Utilities,-0.1680658124916044
EVRG,Utilities,-0.17878624245058342
EW,Health Care,-0.06703331077121395
EXC,Utilities,-0.09153626594107714
EXE,Energy,-0.11219776174315538
EXPD,Industrials,-0.036178075392701084
EXPE,Consumer Discretionary,-0.2677040864281304
EXR,Real Estate,-0.14032279029258615
F,Consumer Discretionary,-0.1365247678579579
FANG,Energy,-0.1152690699325573
FAST,Industrials,-0.056739963198328115
FCX,Materials,-0.10043777214755652
FDS,Financials,-0.0016759859346239634
FDX,Industrials,-0.03745120985404724
FDXF,Industrials,-0.9583078314902256
FE,Utilities,-0.015178696255545686
FERG,Industrials,0.005094605154092218
FFIV,Information Technology,-0.027375946237800444
FICO,Information Technology,0.08066198933937041
FIS,Financials,-0.16463955443453449
FISV,Financials,0.05845874907853285
FITB,Financials,-0.21451271663974888
FIX,Industrials,-0.08295677136733064
FLEX,Information Technology,-0.04544466797381977
FOX,Communication Services,-0.21810304349520904
FOXA,Communication Services,-0.22864438101317436
FRT,Real Estate,-0.1543585065523417
FSLR,Information Technology,0.14045336368318956
FTNT,Information Technology,-0.09117199078422761
FTV,Industrials,-0.04242287072908221
GD,Industrials,-0.18630946934718876
GDDY,Information Technology,-0.10057980131901449
GE,Industrials,-0.13720719006330487
GEHC,Health Care,-0.0428057753415006
GEN,Information Technology,-0.13735576219409978
GEV,Industrials,-0.08475161144596208
GILD,Health Care,-0.06958907750875458
GIS,Consumer Staples,0.09319837411442224
GL,Financials,-0.017625710688616347
GLW,Information Technology,-0.16941901760567157
GM,Consumer Discretionary,-0.22813260684744596
GNRC,Industrials,-0.021573816642641616
GOOG,Communication Services,-0.13178812465098882
GOOGL,Communication Services,-0.12921578712650425
GPC,Consumer Discretionary,0.03482166570779376
GPN,Financials,-0.1519643052124366
GRMN,Consumer Discretionary,-0.07558161057987546
GS,Financials,-0.13431069063239795
GWW,Industrials,-0.089066846285093
HAL,Energy,-0.19885442636029638
HAS,Consumer Discretionary,-0.24679119776112132
HBAN,Financials,-0.09932485443855692
HCA,Health Care,-0.010731171017596196
HD,Consumer Discretionary,-0.05010221240863269
HIG,Financials,-0.15072044676133936
HII,Industrials,-0.14859765806666467
HLT,Consumer Discretionary,-0.2224912697407439
HON,Industrials,-0.11486059329659669
HONA,Industrials,0.8109763910372527
HOOD,Financials,-0.1747097431625604
HPE,Information Technology,-0.10548324845498658
HPQ,Information Technology,-0.0611683422323792
HRL,Consumer Staples,-0.06838294291564051
HSIC,Health Care,-0.04058298341858963
HST,Real Estate,-0.19592508176494364
HSY,Consumer Staples,0.02631379749735845
HUBB,Industrials,0.06495451233430828
HUM,Health Care,0.014358102566320157
HWM,Industrials,-0.13493714975800639
IBKR,Financials,-0.1772122664404353
IBM,Information Technology,-0.13269571775310648
ICE,Financials,-0.043944708446715754
IDXX,Health Care,0.02760812407407899
IEX,Industrials,0.04605027087734169
IFF,Materials,-0.07507375305744568
ILMN,Health Care,-0.11187007052095972
INCY,Health Care,-0.014564545019764773
INTC,Information Technology,-0.11692868067294183
INTU,Information Technology,-0.05803613874429377
INVH,Real Estate,-0.039897944701650395
IP,Materials,-0.11027911936313288
IQV,Health Care,-0.049906326630286525
IR,Industrials,0.003287350983972827
IRM,Real Estate,-0.16966889687439604
ISRG,Health Care,-0.04019960981753605
IT,Information Technology,0.002830559678015767
ITW,Industrials,-0.012857109633417525
IVZ,Financials,-0.09370293109327259
J,Industrials,-0.10502579674491244
JBHT,Industrials,-0.08820782994820676
JBL,Information Technology,-0.07402303972023568
JCI,Industrials,-0.13081013048564866
JKHY,Financials,-0.08849662079087152
JNJ,Health Care,-0.01707464896380779
JPM,Financials,-0.12605965616314105
KDP,Consumer Staples,-0.039119998774908925
KEY,Financials,-0.148412400236768
KEYS,Information Technology,-0.02833945346571324
KHC,Consumer Staples,-0.07411634853520124
KIM,Real Estate,-0.1860891820435391
KKR,Financials,-0.10068833371590295
KLAC,Information Technology,0.0493767446516902
KMB,Consumer Staples,-0.04934980584590569
KMI,Energy,-0.176011088386468
KO,Consumer Staples,-0.05472897014406487
KR,Consumer Staples,-0.15975691140522466
KVUE,Consumer Staples,0.07586188608565807
L,Financials,-0.22417066786041392
LDOS,Industrials,-0.024627314506070377
LEN,Consumer Discretionary,0.1266392640341173
LH,Health Care,0.014130551877742677
LHX,Industrials,-0.23622382678628107
LII,Industrials,0.0565774595096189
LIN,Materials,0.05175542298437431
LITE,Information Technology,-0.2815796185502864
LLY,Health Care,0.07320929573322238
LMT,Industrials,-0.16090299111330325
LNT,Utilities,-0.09264439099510477
LOW,Consumer Discretionary,-0.06847545346773613
LRCX,Information Technology,-0.09587755218705707
LULU,Consumer Discretionary,-0.044569612029346437
LUV,Industrials,-0.2037787505916765
LVS,Consumer Discretionary,0.0027247966984467816
LYB,Materials,0.011853042014559369
LYV,Communication Services,-0.2885590839036648
MA,Financials,-0.1382055139624893
MAA,Real Estate,-0.088983204234213
MAR,Consumer Discretionary,-0.19303755957586954
MAS,Industrials,-0.040223588786951946
MCD,Consumer Discretionary,-0.10487943085262577
MCHP,Information Technology,0.11814342316254021
MCK,Health Care,-0.09926029615892872
MCO,Financials,-0.07689784735184253
MDLZ,Consumer Staples,0.019123630156527655
MDT,Health Care,-0.18063665997347256
MET,Financials,-0.19796430589026204
META,Communication Services,0.02903781399780772
MGM,Consumer Discretionary,-0.12172615462043619
MKC,Consumer Staples,-0.08604426290456003
MLM,Materials,-0.008333777992821586
MMM,Industrials,-0.13305250466927673
MNST,Consumer Staples,0.03504433067216794
MO,Consumer Staples,-0.19294434340458394
MOS,Materials,-0.1035820044506625
MPC,Energy,0.01965996108131883
MPWR,Information Technology,0.02195722942422838
MRK,Health Care,0.037323051727888586
MRNA,Health Care,0.05558870180610927
MRSH,Financials,-0.02153022203055708
MRVL,Information Technology,-0.03894257987119652
MS,Financials,-0.1319523728316745
MSCI,Financials,0.048688840014313686
MSFT,Information Technology,-0.034012954204373905
MSI,Information Technology,0.03214290827089076
MTB,Financials,-0.14396800055349263
MTD,Health Care,0.006853587640537635
MU,Information Technology,-0.1926492846580407
NCLH,Consumer Discretionary,-0.25112143541522663
NDAQ,Financials,0.02091061962183809
NDSN,Industrials,0.0037610994501030195
NEE,Utilities,0.0984506211394994
NEM,Materials,-0.14962866512674736
NFLX,Communication Services,0.08510125688787373
NI,Utilities,-0.10570464013815628
NKE,Consumer Discretionary,-0.0201561168189045
NOC,Industrials,-0.020267273636998658
NOW,Information Technology,-0.13317693600923478
NRG,Utilities,-0.1981330379231232
NSC,Industrials,-0.03340732429244181
NTAP,Information Technology,-0.14897303670795192
NTRS,Financials,-0.12059069762930094
NUE,Materials,-0.10001224160638575
NVDA,Information Technology,-0.010732900509025057
NVR,Consumer Discretionary,0.017812140382597368
NWS,Communication Services,-0.09524418289769977
NWSA,Communication Services,-0.0813090560403082
NXPI,Information Technology,0.09520875695652328
O,Real Estate,-0.07080269180061123
ODFL,Industrials,0.0022543210509136232
OKE,Energy,-0.11450013332077688
OMC,Communication Services,-0.06049221021190355
ON,Information Technology,0.11887793723393221
ORCL,Information Technology,-0.10159894204996174
ORLY,Consumer Discretionary,0.09968093953152717
OTIS,Industrials,-0.03450616802421519
OXY,Energy,-0.007660180127593887
P,Information Technology,-0.035841878014475276
PANW,Information Technology,-0.1525722005734087
PAYX,Industrials,-0.00924316985512088
PCAR,Industrials,-0.035188044038306776
PCG,Utilities,-0.03291601336206352
PEG,Utilities,-0.1362740544249465
PEP,Consumer Staples,0.027928382406007018
PFE,Health Care,0.07151451846825872
PFG,Financials,-0.19741590340259754
PG,Consumer Staples,-0.0898244746750205
PGR,Financials,-0.029818582009275854
PH,Industrials,-0.09517374649969897
PHM,Consumer Discretionary,0.0018884409333863126
PKG,Materials,-0.1418157248863435
PLD,Real Estate,-0.15293716551920705
PLTR,Information Technology,-0.07673190602103659
PM,Consumer Staples,-0.10409254790041636
PNC,Financials,-0.15785198842741
PNR,Industrials,-0.11424235789135881
PNW,Utilities,0.027085123616355924
PODD,Health Care,0.01303004105186853
PPG,Materials,0.02017403570754736
PPL,Utilities,-0.04515854646868429
PRU,Financials,-0.20088260964695137
PSA,Real Estate,-0.17520927563548835
PSKY,Communication Services,-0.11678084794946271
PSX,Energy,-0.031136731576380357
PTC,Information Technology,0.00037033980449085064
PWR,Industrials,-0.023400199661965698
PYPL,Financials,-0.0726429724660404
Q,Information Technology,0.024384886355239502
QCOM,Information Technology,-0.05849113015708053
RCL,Consumer Discretionary,-0.2090097194246378
RDDT,Communication Services,-0.026311434904782164
REG,Real Estate,-0.11970755260812409
REGN,Health Care,0.07503832655818565
RF,Financials,-0.09797940514224136
RJF,Financials,-0.17891600017873746
RL,Consumer Discretionary,-0.13045583927459875
RMD,Health Care,0.06622339852115265
ROK,Industrials,-0.01274973903326161
ROL,Industrials,0.009308941646671454
ROP,Information Technology,-0.04169180780112628
ROST,Consumer Discretionary,-0.051282933565404004
RSG,Industrials,0.02378964982530913
RTX,Industrials,-0.20233303075178646
RVTY,Health Care,-0.02289330552969991
SBAC,Real Estate,-0.07664787577723879
SBUX,Consumer Discretionary,0.12526383391422602
SCHW,Financials,-0.05441452562548697
SHW,Materials,-0.12089818542278861
SJM,Consumer Staples,-0.002471137751838106
SLB,Energy,-0.10175963909372888
SMCI,Information Technology,0.1181934315723853
SNA,Industrials,-0.0984489906797011
SNDK,Information Technology,-0.3150025757818382
SNPS,Information Technology,0.19032845874110457
SO,Utilities,0.009858311669067255
SOLV,Health Care,0.06442978265198517
SPG,Real Estate,-0.13709650253142527
SPGI,Financials,-0.059486868931067145
SRE,Utilities,-0.04968851501838095
STE,Health Care,-0.0678896762549102
STLD,Materials,-0.1533656289939534
STT,Financials,-0.1307876284920975
STX,Information Technology,-0.18733800042303095
STZ,Consumer Staples,0.010109169705481338
SW,Materials,-0.01398388398255878
SWK,Industrials,-0.21548247042831956
SWKS,Information Technology,0.07231819898425237
SYF,Financials,-0.2393442018620642
SYK,Health Care,-0.06842283668072725
SYY,Consumer Staples,-0.18371241001633107
T,Communication Services,-0.178448297056673
TAP,,0.06897700356658149
TDG,Industrials,-0.05438761476054135
TDY,Information Technology,-0.13398394620196294
TECH,Health Care,-0.027709128827193303
TEL,Information Technology,-0.11708452557268745
TER,Information Technology,-0.11216611028230736
TFC,Financials,-0.10616531950647594
TGT,Consumer Staples,-0.18783253766305677
TJX,Consumer Discretionary,-0.038658927034202546
TKO,Communication Services,-0.06618893193623789
TMO,Health Care,0.043198388084195884
TMUS,Communication Services,-0.02147339354392304
TPL,Energy,0.03921400420951049
TPR,Consumer Discretionary,-0.1972772274836091
TRGP,Energy,-0.14827985470362368
TRMB,Information Technology,-0.17934535580539326
TROW,Financials,-0.022209426713597158
TRV,Financials,-0.2039351804737652
TSCO,Consumer Discretionary,-0.0008345915559915108
TSLA,Consumer Discretionary,-0.18115078229487797
TSN,Consumer Staples,-0.17991808073298476
TT,Industrials,-0.05515611504793129
TTD,,-0.06101788909798652
TTWO,Communication Services,-0.11039282763023364
TXN,Information Technology,0.09786560608127282
TXT,Industrials,-0.0598539476004065
TYL,Information Technology,0.07500872974927701
UAL,Industrials,-0.278819374005077
UBER,Industrials,-0.057566492027884615
UDR,Real Estate,-0.1265791991542575
UHS,Health Care,-0.051399130767276396
ULTA,Consumer Discretionary,-0.14858279018758613
UNH,Health Care,-0.005711616241265241
UNP,Industrials,-0.02088403560729674
UPS,Industrials,-0.04997458217286124
URI,Industrials,0.007222876836067401
USB,Financials,-0.1525933072052189
V,Financials,-0.17065009992741678
VEEV,Health Care,0.027046946605102408
VICI,Real Estate,0.07492785663388885
VLO,Energy,-0.042344609396260106
VLTO,Industrials,0.12814770619449056
VMC,Materials,-0.008634958803966397
VMRK,Real Estate,-0.1257306066023535
VRSK,Industrials,0.036645756065050196
VRSN,Information Technology,-0.016797638170488394
VRT,Industrials,-0.1512087085759157
VRTX,Health Care,0.00016503802944402003
VST,Utilities,-0.1899184496923228
VTR,Real Estate,-0.08214734689992766
VTRS,Health Care,-0.11568066100287926
VZ,Communication Services,-0.1562427792203605
WAB,Industrials,-0.10042063822417992
WAT,Health Care,-0.004394405155292228
WBD,Communication Services,-0.32338459952727494
WDAY,Information Technology,-0.027718910253296643
WDC,Information Technology,-0.24062566994364804
WEC,Utilities,-0.08011728668931781
WELL,Real Estate,-0.13143261587128593
WFC,Financials,-0.2119937029303666
WM,Industrials,0.006930334969795494
WMB,Energy,-0.1996326154382422
WMT,Consumer Staples,-0.14685602938000947
WRB,Financials,-0.09597291220999876
WSM,Consumer Discretionary,-0.19740588710856138
WST,Health Care,-0.007657082912916828
WTW,Financials,-0.05858432885547478
WY,Real Estate,-0.21979059250083385
WYNN,Consumer Discretionary,0.05201748881717438
XEL,Utilities,-0.1367707311050633
XOM,Energy,-0.07392593003555646
XYL,Industrials,0.10080058591348694
XYZ,Financials,-0.08891396846217275
YUM,Consumer Discretionary,-0.021567414805006648
ZBH,Health Care,0.050115474875959284
ZBRA,Information Technology,-0.09357432990236775
ZTS,Health Care,0.008300836434576056
